department_desc,department_avg_elasticity,department_total_orders,department_avg_discount
MENS BRANDED CLOTHING,-406211088456.8517,2018523,17.930708148683085
MENS BRANDED FOOTWEAR,9702908095820.086,174842,13.256236929732864
MENS OWN BRAND BOTTOMS,4667925353675.028,696838,21.380403497043435
MENS OWN BRAND DENIM,-14048849316696.805,531538,20.741476329277283
MENS OWN BRAND FOOTWEAR,-3086126668345.746,668893,22.424749851043284
MENS OWN BRAND KNITWEAR,-43264154433.985146,334751,18.153564216745426
MENS OWN BRAND OUTERWEAR,4412521883540.507,292175,22.646626842691244
MENS OWN BRAND TOPS,702010446285.6857,1667724,19.280401528993565
