department_desc,department_avg_elasticity,department_total_orders,department_avg_discount
MENS BRANDED CLOTHING,-1757808255719.2402,2018523,17.45510211938606
MENS BRANDED FOOTWEAR,9969303164202.033,174842,12.624130599221154
MENS OWN BRAND BOTTOMS,4210599090447.061,696838,20.792494722764147
MENS OWN BRAND DENIM,-17605202520985.066,531538,20.05374408845745
MENS OWN BRAND FOOTWEAR,-96255245332.93567,668893,19.120121382159862
MENS OWN BRAND KNITWEAR,-43264154433.985176,334751,18.08171760612088
MENS OWN BRAND OUTERWEAR,4412521883540.512,292175,22.507050352565376
MENS OWN BRAND TOPS,279071075966.2679,1667724,18.992561077110377
