Model,MAE,RMSE,R^2
Linear Regression,7.667522919662843,13.320728481071088,0.05801522435941342
Lasso Regression,7.667226563671666,13.321249618267297,0.05794151774371714
Decision Tree,4.458112140354853,8.92681043156637,0.5769608546051161
Random Forest,4.490049550948863,8.904290712329487,0.5790925692399347
Gradient Boosting,6.748611021392796,11.889812415594273,0.24952204883596807
