Model,R²,RMSE,MAE
Linear Regression,-30.14577770782311,85.0066127741875,11.688186354694082
Lasso Regression,-6.898784285297445,42.80881914631265,8.593419370065492
ElasticNet,-7.275432075461239,43.81758731075858,8.650016116973214
Random Forest,0.709374862709079,8.211447285774998,4.118672833948871
Gradient Boosting,0.7380746579009616,7.795462405325441,3.955642815090846
