Model,MAE,RMSE,R^2
Linear Regression,11.006490846197682,33.02623713471275,0.04816524681386347
Lasso Regression,11.002836034153018,33.02650796127826,0.04814963600158462
Decision Tree,5.433016656620453,16.65130672162799,0.7580419870553319
Random Forest,5.477474639122616,16.661438368191185,0.757747454150472
Gradient Boosting,8.564415990058883,21.478552618521825,0.5974188908948306
