Model,MAE,RMSE,R^2
Decision Tree,6.211030810899451,16.14216095983056,0.7741256906937088
Random Forest,5.701340355754996,16.242271922524107,0.7713153341312132
Gradient Boosting,9.539368448692695,22.664505629672405,0.5547171266998935
