Model,Mean Absolute Error (MAE),Root Mean Squared Error (RMSE),R^2 Score
Linear Regression,15.709970037855069,21.57466131575127,0.3531187886992375
Decision Tree,7.946840148698888,9.887695257693212,0.8641290195388388
Gradient Boosting,18.698170809577924,26.66435334725829,0.011905060002061374
Lasso Regression,15.830052536735295,21.6477098015118,0.3487308922563803
