Model,RMSE,MAE,R^2
Linear Regression,7.813666589025679,4.205443392960216,0.7404245034511677
Lasso Regression,7.814642880769206,4.205052645040203,0.74035963320279
ElasticNet,7.813878902445126,4.212993244596348,0.7404103968574467
Random Forest,7.51693967024823,4.047451297418212,0.7597651157125911
Gradient Boosting,7.457163517337296,4.00184450730668,0.7635707120856652
Bayesian Ridge,7.813642267672063,4.205525909610136,0.7404261193935795
